time,seconds_elapsed,z,y,x
1693771591754232300,0.093232421875,0,0,0
1693771591773142500,0.112142578125,0.023532867431640625,-0.0732736587524414,-0.2556324005126953
1693771591792053000,0.131052978515625,0.12326717376708984,0.1176309585571289,-0.03239107131958008
1693771591810963200,0.149963134765625,0.2524232864379883,0.2596338987350464,0.32456159591674805
1693771591829873700,0.168873779296875,-0.004165172576904297,0.24242186546325684,0.1429600715637207
1693771591848784000,0.187783935546875,-0.058302879333496094,0.07907068729400635,0.2598848342895508
1693771591867694300,0.2066943359375,0.04634284973144531,-0.1444861888885498,0.5142378807067871
1693771591886604500,0.2256044921875,0.11161279678344727,0.01373279094696045,0.08346319198608398
1693771591905515000,0.244514892578125,0.17757511138916016,0.2476280927658081,-0.12551212310791016
1693771591924425500,0.263425537109375,0.10831069946289062,0.15806496143341064,0.06213712692260742
1693771591943335700,0.282335693359375,-0.08637142181396484,0.15017902851104736,0.2122030258178711
1693771591962246000,0.301245849609375,-0.08784961700439453,-0.0566331148147583,0.605140209197998
1693771591981156400,0.32015625,-0.09457540512084961,-0.13401424884796143,0.15368223190307617
1693771592000066600,0.339066650390625,-0.18901681900024414,0.38954412937164307,-0.07666397094726562
1693771592018977000,0.35797705078125,-0.4091939926147461,0.524300217628479,0.6153807640075684
1693771592037887200,0.37688720703125,-1.3095951080322266,0.9753486514091492,0.9341168403625488
1693771592056797700,0.395797607421875,-2.365891456604004,1.21290123462677,1.8195390701293945
1693771592075708000,0.4147080078125,-1.8295226097106934,1.1764695644378662,3.0930604934692383
1693771592094618400,0.433618408203125,-1.1529908180236816,1.3751379251480103,4.053647994995117
1693771592113528600,0.452528564453125,-1.526498794555664,2.029557228088379,6.482909202575684
1693771592132438800,0.471438720703125,-1.9136784076690674,2.483226776123047,8.63174057006836
1693771592151349200,0.490349365234375,-1.5616779327392578,1.9829561710357666,7.075626373291016
1693771592170259500,0.509259521484375,-2.0545382499694824,1.9862699508666992,5.670867919921875
1693771592189170000,0.528169921875,-3.315903425216675,0.5626723170280457,6.870443344116211
1693771592208080100,0.547080078125,-2.9582252502441406,-0.006615042686462402,5.986188888549805
1693771592226990600,0.565990478515625,-1.3741778135299683,-0.7299811840057373,5.813857078552246
1693771592245900800,0.58490087890625,1.3461427688598633,-1.333349585533142,9.21017837524414
1693771592264811300,0.603811279296875,3.665876626968384,-1.5389496088027954,9.597940444946289
1693771592283721500,0.622721435546875,3.2114901542663574,-2.481228828430176,7.905448913574219
1693771592302632000,0.6416318359375,1.5813826322555542,-1.9886624813079834,8.291481018066406
1693771592321542100,0.660542236328125,1.778256893157959,-3.06646728515625,8.754044532775879
1693771592340452400,0.679452392578125,4.593736171722412,-4.443211078643799,5.77655029296875
1693771592359362800,0.69836279296875,7.559788703918457,-5.542302131652832,3.404165267944336
1693771592378273000,0.71727294921875,7.574042320251465,-5.980510711669922,1.2770090103149414
1693771592397183500,0.73618359375,8.727405548095703,-5.857547760009766,0.0727376937866211
1693771592416093700,0.75509375,9.995647430419922,-5.8283467292785645,-0.8258218765258789
1693771592435004000,0.77400390625,9.836320877075195,-5.288472652435303,-2.0245656967163086
1693771592453914400,0.792914306640625,9.089369773864746,-5.2234015464782715,-1.933675765991211
1693771592472824600,0.811824462890625,7.357545852661133,-5.284291744232178,-2.021946907043457
1693771592491735000,0.830735107421875,6.0903120040893555,-4.565361976623535,-3.6394777297973633
1693771592510645200,0.849645263671875,7.995363235473633,-5.221824645996094,-4.299858093261719
1693771592529555500,0.868555419921875,10.441221237182617,-5.500219345092773,-5.433288097381592
1693771592548466000,0.8874658203125,9.183244705200195,-5.734943866729736,-6.596269130706787
1693771592567376100,0.906376220703125,6.326263904571533,-4.850716590881348,-5.897825241088867
1693771592586286600,0.92528662109375,3.198704719543457,-2.9877607822418213,-4.149316787719727
1693771592605196800,0.94419677734375,2.6546130180358887,-2.2974066734313965,-2.036910057067871
1693771592624107000,0.96310693359375,4.185494899749756,-2.2867038249969482,-1.8329157829284668
1693771592643017500,0.982017578125,5.460615158081055,-2.903027296066284,-4.258251667022705
1693771592661927700,1.000927734375,7.323307991027832,-2.4363317489624023,-4.087596416473389
1693771592680838100,1.019838134765625,7.0193190574646,-1.2895362377166748,-2.373375415802002
1693771592699748400,1.038748291015625,5.066563606262207,-0.6182599067687988,-2.366896152496338
1693771592718658600,1.057658447265625,4.068495273590088,-1.0014901161193848,-3.4288485050201416
1693771592737569000,1.076569091796875,6.126325607299805,-1.2189843654632568,-5.356420040130615
1693771592756479200,1.095479248046875,6.794384956359863,-1.399245262145996,-4.444825172424316
1693771592775389700,1.1143896484375,5.8081207275390625,-0.6406280994415283,-3.935373544692993
1693771592794300000,1.1332998046875,4.847381114959717,-0.33944082260131836,-4.046596527099609
1693771592813210400,1.15221044921875,4.728899955749512,-0.4962282180786133,-3.695042133331299
1693771592832120600,1.17112060546875,3.822399139404297,-0.26093459129333496,-3.7051539421081543
1693771592851030800,1.19003076171875,2.907896041870117,-0.013197660446166992,-4.178545951843262
1693771592869941200,1.208941162109375,2.9936885833740234,-0.5310275554656982,-4.435210704803467
1693771592888851500,1.2278515625,3.4920730590820312,-0.5058567523956299,-3.7632572650909424
1693771592907762000,1.246761962890625,2.547985076904297,0.13180756568908691,-3.7209982872009277
1693771592926672100,1.265672119140625,2.422501564025879,-0.40477681159973145,-3.0481178760528564
1693771592945582300,1.284582275390625,3.2257747650146484,-0.7391419410705566,-2.3355178833007812
1693771592964492800,1.303492919921875,1.6593255996704102,-0.38703298568725586,-1.5705175399780273
1693771592983403000,1.322403076171875,-0.16406917572021484,0.4569363594055176,-1.7484245300292969
1693771593002313200,1.341313232421875,2.9581727981567383,0.9126856327056885,-2.5019917488098145
1693771593021223700,1.3602236328125,5.97698974609375,-1.5136809349060059,-1.9151999950408936
1693771593040134000,1.3791337890625,9.151264190673828,-0.7347080707550049,-4.168418884277344
1693771593059044000,1.398044189453125,7.516067981719971,-1.8960862159729004,-0.5933928489685059
1693771593077954600,1.41695458984375,3.204143524169922,-0.7902228832244873,0.5229969024658203
1693771593096864800,1.43586474609375,-1.2663092613220215,-0.3190138339996338,0.8727231025695801
1693771593115775200,1.454775146484375,-0.8764190673828125,-0.34632349014282227,-0.22188854217529297
1693771593134685400,1.473685546875,0.7184295654296875,-1.442678451538086,-0.937070369720459
1693771593153595600,1.492595703125,0.4529585838317871,-1.160468578338623,-0.5128521919250488
1693771593172506000,1.511506103515625,-1.4105091094970703,-0.7539513111114502,0.8109936714172363
1693771593191416300,1.530416259765625,0.5865926742553711,-0.250896692276001,0.5865044593811035
1693771593210326500,1.549326416015625,2.3993611335754395,-0.7836703658103943,1.0238499641418457
1693771593229237000,1.568237060546875,2.7289481163024902,-0.5134602785110474,1.3432230949401855
1693771593248147200,1.587147216796875,0.11831474304199219,-0.8793057799339294,0.7755446434020996
1693771593267057700,1.6060576171875,-2.58370304107666,-0.6798098087310791,-0.1261749267578125
1693771593285968000,1.6249677734375,-1.3133463859558105,-0.7483400106430054,0.48316144943237305
1693771593304878000,1.643878173828125,2.0426583290100098,-1.5077602863311768,2.30649995803833
1693771593323788300,1.662788330078125,1.9561619758605957,-1.0677355527877808,2.076359272003174
1693771593342698800,1.68169873046875,-1.4837417602539062,-0.8052666187286377,1.359687328338623
1693771593361609000,1.70060888671875,-1.4004650115966797,-0.8958622813224792,1.2066020965576172
1693771593380519400,1.71951953125,0.7235298156738281,-1.687604308128357,1.97861909866333
1693771593399429600,1.7384296875,-1.6320042610168457,-1.7622880935668945,2.3924169540405273
1693771593418339800,1.75733984375,-3.318258285522461,-1.1614129543304443,1.457174301147461
1693771593437250300,1.776250244140625,-2.393491268157959,-0.5391799211502075,1.0826983451843262
1693771593456160500,1.795160400390625,0.600039005279541,-1.2368290424346924,1.553215503692627
1693771593475070700,1.81407080078125,0.9154224395751953,-2.2498745918273926,2.5237197875976562
1693771593493981200,1.832981201171875,-0.6045513153076172,-1.527642011642456,1.6879067420959473
1693771593512891400,1.851891357421875,-3.2861437797546387,-1.0477098226547241,0.936708927154541
1693771593531801600,1.870801513671875,-1.5764708518981934,-0.9969892501831055,0.8954019546508789
1693771593550712000,1.889712158203125,-0.20752859115600586,-1.5647927522659302,1.7147331237792969
1693771593569622300,1.908622314453125,-1.345876693725586,-1.79412841796875,1.2105131149291992
1693771593588532500,1.927532470703125,-1.9159705638885498,-0.8754833936691284,1.0079936981201172
1693771593607443000,1.94644287109375,-0.7857518196105957,-0.3230397701263428,2.3519773483276367
1693771593626353200,1.965353271484375,0.5632021427154541,0.25654494762420654,3.4121227264404297
1693771593645263400,1.984263427734375,-1.4697215557098389,0.3179781436920166,4.253557205200195
1693771593664173800,2.003173828125,-1.3344817161560059,0.48880136013031006,3.249513626098633
1693771593683084000,2.022083984375,0.20865607261657715,0.048273563385009766,2.5886240005493164
1693771593701994200,2.040994140625,0.8655242919921875,-0.3272843360900879,2.63492488861084
1693771593720904700,2.05990478515625,-1.6167967319488525,0.07417154312133789,2.3321313858032227
1693771593739815000,2.07881494140625,-1.6402077674865723,-0.05460190773010254,1.8859281539916992
1693771593758725000,2.09772509765625,-1.9305062294006348,-0.5174264907836914,1.5704402923583984
1693771593777635600,2.116635498046875,-2.676605224609375,-0.46961212158203125,1.2011299133300781
1693771593796545800,2.1355458984375,-2.4326605796813965,-0.2965834140777588,0.9853925704956055
1693771593815456000,2.1544560546875,-1.3344796895980835,-0.35262179374694824,0.28783321380615234
1693771593834366500,2.173366455078125,0.11443150043487549,-0.7206733226776123,0.024423599243164062
1693771593853276700,2.192276611328125,-0.19798827171325684,-0.6324021816253662,1.2700767517089844
1693771593872187000,2.211186767578125,-1.678562879562378,-0.020648479461669922,1.4578609466552734
1693771593891097300,2.230097412109375,-1.7119604349136353,-0.4011714458465576,0.5496978759765625
1693771593910007600,2.249007568359375,-0.47592222690582275,-0.892040491104126,0.07492351531982422
1693771593928917800,2.267917724609375,0.3990589380264282,-0.6708195209503174,0.49221229553222656
1693771593947828200,2.286828125,0.3193439841270447,-0.7725331783294678,0.33760547637939453
1693771593966738400,2.305738525390625,-0.2306237816810608,-0.3254687786102295,-0.35205650329589844
1693771593985648600,2.324648681640625,-0.18560218811035156,0.14773297309875488,0.9077949523925781
1693771594004559000,2.34355908203125,1.1991817951202393,0.43480420112609863,2.4409379959106445
1693771594023469300,2.36246923828125,1.764627456665039,0.6133818626403809,3.167891502380371
1693771594042379500,2.381379638671875,-0.28292855620384216,1.0305109024047852,3.1688108444213867
1693771594061289700,2.400289794921875,-2.047922134399414,0.9882946014404297,2.209491729736328
1693771594080200200,2.4192001953125,-0.1064492017030716,0.30881547927856445,0.2671070098876953
1693771594099110400,2.4381103515625,1.4893622398376465,-0.45084571838378906,0.3221158981323242
1693771594118020600,2.4570205078125,-0.46536141633987427,-0.5430233478546143,0.6777076721191406
1693771594136931000,2.47593115234375,-2.914670705795288,-0.10087966918945312,1.1214752197265625
1693771594155841300,2.49484130859375,-2.7175133228302,-0.059328556060791016,0.6339445114135742
1693771594174751500,2.51375146484375,-1.0978728532791138,-0.599705696105957,0.007843017578125
1693771594193661700,2.53266162109375,-0.9758861660957336,-0.4760260581970215,-0.15405845642089844
1693771594212572200,2.551572265625,-1.6748621463775635,0.015474081039428711,1.1257810592651367
1693771594231482400,2.570482421875,-1.100516438484192,0.13377976417541504,1.824559211730957
1693771594250392800,2.589392822265625,0.29004836082458496,-0.9324436187744141,-0.4282875061035156
1693771594269303000,2.608302978515625,0.14708715677261353,-1.1306445598602295,-0.9559535980224609
1693771594288213200,2.627213134765625,-1.1062860488891602,-0.6206247806549072,-0.22088146209716797
1693771594307123500,2.64612353515625,-2.398275852203369,-0.47916150093078613,0.9324512481689453
1693771594326033700,2.66503369140625,-2.453369379043579,-0.46452951431274414,0.1110391616821289
1693771594344944000,2.683944091796875,-1.9182730913162231,-0.41410040855407715,-0.38123130798339844
1693771594363854300,2.702854248046875,-0.4407196640968323,-0.09469413757324219,0.11339092254638672
1693771594382764800,2.721764892578125,0.20025557279586792,0.12951278686523438,1.4468584060668945
1693771594401675000,2.740675048828125,-0.514037013053894,0.21587753295898438,1.7161788940429688
1693771594420585200,2.759585205078125,-1.8714447021484375,-0.03770613670349121,0.2427692413330078
1693771594439495700,2.77849560546875,-1.0935540199279785,-0.40994977951049805,-0.7386283874511719
1693771594458406000,2.797406005859375,0.21840471029281616,-0.5909509658813477,-0.06022834777832031
1693771594477316000,2.816316162109375,-0.30871379375457764,-0.5755152702331543,-0.38405799865722656
1693771594496226300,2.835226318359375,-1.1520580053329468,-0.8860101699829102,-0.7061090469360352
1693771594515136500,2.854136474609375,-1.7206542491912842,-0.8806400299072266,-0.5407171249389648
1693771594534047000,2.873046875,-1.2199451923370361,-0.9534440040588379,-0.1554250717163086
1693771594552957200,2.891957275390625,-0.8102297782897949,-0.9564390182495117,0.08035945892333984
1693771594571867600,2.91086767578125,-0.7912139296531677,-0.9905602931976318,0.8260135650634766
1693771594590777900,2.92977783203125,-0.7372317910194397,-0.9352855682373047,1.8384408950805664
1693771594609688000,2.94868798828125,-1.6145355701446533,-0.657926082611084,3.370065689086914
1693771594628598300,2.967598388671875,-3.450159788131714,0.07729005813598633,4.03627872467041
1693771594647508500,2.986508544921875,-7.861597061157227,-0.26964449882507324,2.663384437561035
1693771594666419000,3.0054189453125,-9.070068359375,-0.37291455268859863,1.6489629745483398
1693771594685329200,3.0243291015625,-8.237834930419922,-1.1226651668548584,1.9711112976074219
1693771594704239400,3.0432392578125,-7.514446258544922,-1.2338440418243408,2.599517822265625
1693771594723149800,3.06214990234375,-9.00545883178711,-0.8144979476928711,5.342162132263184
1693771594742060000,3.08106005859375,-10.250459671020508,-0.28759288787841797,7.594951629638672
1693771594760970200,3.09997021484375,-8.779128074645996,-0.36478233337402344,8.535183906555176
1693771594779880400,3.11888037109375,-7.619475364685059,-0.7409987449645996,9.361387252807617
1693771594798790700,3.137790771484375,-6.857661247253418,-1.182190179824829,9.5978422164917
1693771594817701000,3.156701171875,-5.073894500732422,-1.910202980041504,8.965764999389648
1693771594836611300,3.175611328125,-2.6347155570983887,-2.5632169246673584,9.650306701660156
1693771594855521500,3.194521484375,-2.165332555770874,-2.8485372066497803,10.50783920288086
1693771594874432000,3.213431884765625,-2.2421741485595703,-3.082310676574707,9.956830024719238
1693771594893342200,3.23234228515625,-1.304429292678833,-3.310027599334717,9.416217803955078
1693771594912252400,3.25125244140625,0.46439313888549805,-3.570147752761841,10.038146018981934
1693771594931162600,3.27016259765625,3.4016003608703613,-3.8827829360961914,12.076464653015137
1693771594950072800,3.28907275390625,4.018538951873779,-4.317273139953613,11.001862525939941
1693771594968983300,3.3079833984375,5.602588176727295,-5.363448143005371,7.754438400268555
1693771594987893500,3.3268935546875,7.779915809631348,-6.34810209274292,5.922405242919922
1693771595006803700,3.3458037109375,7.517861366271973,-6.196621894836426,5.019692420959473
1693771595025714200,3.364714111328125,7.954867362976074,-6.182408809661865,4.166261196136475
1693771595044624400,3.383624267578125,7.198838710784912,-5.563637733459473,3.6575927734375
1693771595063534600,3.40253466796875,6.0617265701293945,-5.330182075500488,5.105082988739014
1693771595082445000,3.421445068359375,4.276955604553223,-4.694787502288818,5.642809867858887
1693771595101355300,3.440355224609375,6.7258501052856445,-4.659687519073486,3.768566608428955
1693771595120265500,3.459265380859375,10.900500297546387,-5.969837188720703,1.01324462890625
1693771595139175700,3.47817578125,12.045759201049805,-5.69049072265625,-0.29134178161621094
1693771595158086000,3.4970859375,8.973865509033203,-3.9917218685150146,1.2222771644592285
1693771595176996000,3.51599609375,6.885856628417969,-2.9805538654327393,0.6287746429443359
1693771595195906600,3.534906494140625,10.105690956115723,-4.0852885246276855,-1.2223315238952637
1693771595214816800,3.553816650390625,11.804044723510742,-4.474523544311523,-2.700857639312744
1693771595233727000,3.57272705078125,9.226161003112793,-2.701101303100586,-2.7040233612060547
1693771595252637400,3.591637451171875,9.27883243560791,-1.737682580947876,-2.7753212451934814
1693771595271547600,3.610547607421875,9.241135597229004,-2.1331582069396973,-3.311335325241089
1693771595290457900,3.629457763671875,6.909591197967529,-2.0825412273406982,-4.81201171875
1693771595309368000,3.6483681640625,7.221611976623535,-1.602668046951294,-4.961533546447754
1693771595328278300,3.6672783203125,8.716877937316895,-0.9922115802764893,-5.000470161437988
1693771595347188500,3.6861884765625,10.80385971069336,-1.4302315711975098,-6.43033504486084
1693771595366099000,3.705098876953125,12.807276725769043,-1.509328842163086,-5.231617450714111
1693771595385009200,3.724009033203125,13.758596420288086,-0.591681957244873,-3.5595593452453613
1693771595403919400,3.74291943359375,9.503288269042969,-0.33953046798706055,-3.971503257751465
1693771595422829800,3.761829833984375,6.004136562347412,-0.45479726791381836,-4.599654197692871
1693771595441740000,3.780739990234375,6.892812728881836,-0.39371657371520996,-2.9572319984436035
1693771595460650200,3.799650146484375,5.774747371673584,-0.11333823204040527,-2.0562314987182617
1693771595479560400,3.818560546875,2.6662607192993164,0.16968393325805664,-1.6923190355300903
1693771595498470700,3.837470703125,3.884129047393799,-1.2517085075378418,-3.6477866172790527
1693771595517380900,3.856380859375,5.7022199630737305,-1.6117606163024902,-2.676152229309082
1693771595536291300,3.875291259765625,4.29047966003418,-0.7792758941650391,-0.29042625427246094
1693771595555201500,3.894201416015625,3.462937355041504,-0.8325176239013672,0.6383802890777588
1693771595574111700,3.91311181640625,2.769700050354004,-2.0779662132263184,-0.6889128684997559
1693771595593022000,3.93202197265625,1.879709243774414,-1.5564247369766235,-1.101787805557251
1693771595611932400,3.950932373046875,2.368292808532715,-0.3081705570220947,0.8026008605957031
1693771595630842600,3.969842529296875,4.555883407592773,-0.4533090591430664,2.1355748176574707
1693771595649752800,3.9887529296875,4.532944202423096,-0.5695211887359619,3.7397141456604004
1693771595668663000,4.0076630859375,-0.5302133560180664,-1.2956037521362305,1.4293336868286133
1693771595687573200,4.0265732421875,-2.135406017303467,-1.428952932357788,-0.3541297912597656
1693771595706483500,4.0454833984375,1.3416533470153809,-1.3492883443832397,0.894355297088623
1693771595725393700,4.0643935546875,0.23659563064575195,-2.088944435119629,1.512578010559082
1693771595744304000,4.08330419921875,-1.1387147903442383,-2.0842227935791016,0.881415843963623
1693771595763214300,4.10221435546875,2.198681354522705,-1.912348747253418,0.4208965301513672
1693771595782124500,4.12112451171875,2.786999225616455,-1.5182206630706787,2.7901477813720703
1693771595801034800,4.14003466796875,-1.7475528717041016,-0.38380110263824463,3.9745750427246094
1693771595819945200,4.1589453125,-4.3098464012146,-0.3145917057991028,1.881859302520752
1693771595838855400,4.17785546875,-1.3322954177856445,-1.2033374309539795,2.8787403106689453
1693771595857765600,4.196765625,-2.311216354370117,-1.026540756225586,2.5337700843811035
1693771595876675800,4.21567578125,-1.6097464561462402,-0.8325703740119934,1.2025904655456543
1693771595895586000,4.2345859375,0.2733454704284668,-1.2397454977035522,2.585062026977539
1693771595914496500,4.25349658203125,-3.0050864219665527,-0.8231962323188782,2.011674404144287
1693771595933406700,4.27240673828125,-6.5411200523376465,-0.3953053951263428,1.6998662948608398
1693771595952317000,4.29131689453125,-2.2624287605285645,-2.079246759414673,1.4037647247314453
1693771595971227100,4.31022705078125,2.518143653869629,-2.614697217941284,1.0716266632080078
1693771595990137300,4.329137451171875,0.4868431091308594,-1.968767523765564,0.7067975997924805
1693771596009047600,4.348047607421875,-2.104848861694336,-1.2700221538543701,1.1188268661499023
1693771596027957800,4.366957763671875,-1.085245132446289,-0.4823019504547119,1.9534244537353516
1693771596046868200,4.3858681640625,0.05949902534484863,0.048133254051208496,4.139863014221191
1693771596065778400,4.4047783203125,-2.3913140296936035,0.5719130039215088,4.799477577209473
1693771596084688600,4.423688720703125,-4.220515727996826,0.7335309982299805,2.59799861907959
1693771596103598800,4.442598876953125,-1.5509116649627686,0.21647131443023682,0.5521774291992188
1693771596122509000,4.461509033203125,0.7089741230010986,0.2350602149963379,1.305281639099121
1693771596141419300,4.480419189453125,-0.775554895401001,0.3021327257156372,1.6571226119995117
1693771596160329700,4.499329833984375,-2.0551528930664062,0.33827877044677734,0.9918985366821289
1693771596179240000,4.518239990234375,0.7621653079986572,-0.6518313884735107,1.1946144104003906
1693771596198150100,4.537150146484375,2.9107367992401123,-1.1481688022613525,2.380401611328125
1693771596217060400,4.556060302734375,2.315978765487671,-0.5417740345001221,1.0891799926757812
1693771596235970600,4.574970458984375,-0.395885705947876,-0.024334430694580078,0.24183368682861328
1693771596254880800,4.593880859375,-1.0744612216949463,0.1578817367553711,1.1989221572875977
1693771596273791000,4.612791015625,-0.7813220024108887,0.354917049407959,2.789030075073242
1693771596292710700,4.631710693359375,-1.242837905883789,-0.02765202522277832,1.4580440521240234
1693771596311611400,4.650611328125,-1.788670301437378,-0.46674370765686035,-0.1067361831665039
1693771596330521900,4.66952197265625,-0.8017139434814453,-0.07614636421203613,0.01145172119140625
1693771596349432000,4.68843212890625,-0.0877000093460083,0.2511146068572998,1.9888944625854492
1693771596368342300,4.70734228515625,-0.18974053859710693,0.46907567977905273,1.1154918670654297
1693771596387252500,4.72625244140625,0.7321648597717285,0.2332756519317627,0.1519336700439453
1693771596406162700,4.74516259765625,1.2615115642547607,0.13231658935546875,0.48254871368408203
1693771596425073000,4.764072998046875,1.566725254058838,0.22149205207824707,1.0033292770385742
1693771596443983400,4.7829833984375,2.438955307006836,-0.03609919548034668,1.2891645431518555
1693771596462893600,4.8018935546875,2.88895320892334,-0.3053765296936035,2.435723304748535
1693771596481803800,4.8208037109375,-0.6319676041603088,0.026144981384277344,2.422337532043457
1693771596500714000,4.8397138671875,-3.0576868057250977,-0.37738585472106934,-0.2740297317504883
1693771596519624200,4.858624267578125,-0.7378227710723877,-1.2821109294891357,-0.2547035217285156
1693771596538534400,4.877534423828125,-0.8736161589622498,-0.675123929977417,1.0547103881835938
1693771596557444600,4.896444580078125,-3.590481996536255,-0.3026907444000244,1.1377716064453125
1693771596576354800,4.915354736328125,-3.218202590942383,-0.2086949348449707,0.6884670257568359
1693771596595265000,4.93426513671875,-1.009765625,-0.12196969985961914,1.768233299255371
1693771596614175200,4.95317529296875,-0.21674111485481262,0.22212910652160645,2.6979360580444336
1693771596633085400,4.97208544921875,-1.170032024383545,-0.4097599983215332,0.860687255859375
1693771596651996000,4.990995849609375,-0.8304991722106934,-1.1630175113677979,-1.1300334930419922
1693771596670906000,5.009906005859375,-1.2064452171325684,-0.7200136184692383,0.15529537200927734
1693771596689816300,5.02881640625,-2.3581831455230713,0.07053184509277344,1.1445722579956055
1693771596708726500,5.0477265625,-1.0968708992004395,0.05371236801147461,1.5632429122924805
1693771596727636700,5.06663671875,0.08031243085861206,-0.1109781265258789,0.6266193389892578
1693771596746547000,5.085546875,-1.4721240997314453,-0.3573594093322754,-1.1635856628417969
1693771596765457200,5.10445703125,0.8077622056007385,-0.5613508224487305,-1.6838903427124023
1693771596784367400,5.123367431640625,3.213642120361328,-1.0672593116760254,-0.41412353515625
1693771596803277600,5.142277587890625,1.7160125970840454,-0.6951503753662109,0.4744596481323242
1693771596822188000,5.16118798828125,-2.51898455619812,-0.034637451171875,1.5418548583984375
1693771596841098200,5.18009814453125,-4.568149566650391,0.17559289932250977,1.8361234664916992
1693771596860008400,5.199008544921875,-3.5828261375427246,0.3786916732788086,3.1467151641845703
1693771596878918700,5.217918701171875,-2.9400408267974854,0.10748958587646484,2.374582290649414
1693771596897828900,5.236828857421875,-3.601006507873535,-0.5577974319458008,0.6732969284057617
1693771596916739000,5.255739013671875,-3.890961170196533,-0.4294300079345703,1.0101871490478516
1693771596935649300,5.274649169921875,-3.376965045928955,-0.4217395782470703,1.0806770324707031
1693771596954559500,5.2935595703125,-0.7595064640045166,-0.9286355972290039,0.2257547378540039
1693771596973469700,5.3124697265625,2.1056878566741943,-1.2194123268127441,0.45886993408203125
1693771596992380000,5.3313798828125,-0.8934269547462463,-1.0198173522949219,0.19294071197509766
1693771597011290400,5.350290283203125,-3.6277260780334473,-0.9290766716003418,-0.2090930938720703
1693771597030200600,5.36920068359375,-2.064389705657959,-0.9379143714904785,0.7497615814208984
1693771597049110800,5.38811083984375,-2.309318780899048,-1.1924042701721191,1.7233562469482422
1693771597068021000,5.40702099609375,-4.873773574829102,-1.2115883827209473,2.001439094543457
1693771597086931200,5.42593115234375,-6.5974202156066895,-1.245356559753418,2.8246049880981445
1693771597105841400,5.44484130859375,-7.611350059509277,-1.2851066589355469,5.1039276123046875
1693771597124751600,5.463751708984375,-10.506280899047852,-1.4132578372955322,7.182488441467285
1693771597143661800,5.482661865234375,-11.651403427124023,-2.261972427368164,6.397594451904297
1693771597162572000,5.501572021484375,-8.7669677734375,-3.5921149253845215,5.14835262298584
1693771597181482200,5.520482177734375,-4.811834335327148,-3.8389017581939697,5.257683753967285
1693771597200392400,5.539392333984375,-3.350329875946045,-3.197948694229126,5.806488037109375
1693771597219302700,5.558302734375,-2.6214003562927246,-2.783841371536255,6.10239315032959
1693771597238212900,5.577212890625,-1.5665894746780396,-2.3474373817443848,7.247862815856934
1693771597257123000,5.596123046875,-1.0398542881011963,-1.6153538227081299,9.347389221191406
1693771597276033300,5.615033203125,-1.2840559482574463,-1.235889196395874,10.536186218261719
1693771597294943500,5.633943603515625,0.2223985195159912,-1.5767436027526855,10.351835250854492
1693771597313853700,5.652853759765625,2.283224105834961,-2.057978868484497,10.38270092010498
1693771597332764000,5.671763916015625,3.5211660861968994,-2.8060548305511475,10.216863632202148
1693771597351674000,5.690674072265625,5.262763977050781,-3.8056344985961914,7.36983585357666
1693771597370584300,5.709584228515625,8.291446685791016,-4.719172477722168,3.2904443740844727
1693771597389494500,5.72849462890625,6.749404430389404,-4.899019718170166,2.9894609451293945
1693771597408404700,5.74740478515625,1.9643936157226562,-4.17486572265625,3.471480369567871
1693771597427315000,5.76631494140625,1.7894072532653809,-4.195878982543945,3.0369386672973633
1693771597446225200,5.78522509765625,5.308666706085205,-4.757015705108643,3.467742919921875
1693771597465135400,5.80413525390625,6.644941806793213,-5.005997180938721,3.5213451385498047
1693771597484045600,5.823045654296875,6.840960502624512,-4.805034637451172,1.2673702239990234
1693771597502955800,5.841955810546875,7.090015411376953,-4.5681471824646,-0.2811717987060547
1693771597521866000,5.860865966796875,8.355637550354004,-3.7062158584594727,0.5131182670593262
1693771597540776200,5.879776123046875,10.280353546142578,-3.5105488300323486,0.19001340866088867
1693771597559686400,5.898686279296875,12.042381286621094,-3.5476479530334473,-2.0894765853881836
1693771597578596600,5.9175966796875,10.037786483764648,-3.1428122520446777,-3.149724006652832
1693771597597506800,5.9365068359375,6.701714038848877,-2.9289450645446777,-3.703782796859741
1693771597616417000,5.9554169921875,6.506030559539795,-2.890859603881836,-4.151557445526123
1693771597635327200,5.9743271484375,7.083706855773926,-2.975870370864868,-5.656289100646973
1693771597654237700,5.99323779296875,7.95734977722168,-2.211794376373291,-6.377776145935059
1693771597673148000,6.01214794921875,8.57579231262207,-1.287505030632019,-4.395870208740234
1693771597692058000,6.03105810546875,6.558382511138916,-0.37237536907196045,-2.917335033416748
1693771597710968300,6.04996826171875,6.423222541809082,-0.011540651321411133,-3.8324496746063232
1693771597729878500,6.06887841796875,6.794887542724609,0.15632247924804688,-3.9666969776153564
1693771597748788500,6.08778857421875,8.607632637023926,1.4122467041015625,-3.3540706634521484
1693771597767698700,6.10669873046875,9.443516731262207,0.9586365222930908,-1.7978816032409668
1693771597786609000,6.12560888671875,8.086885452270508,-0.06250405311584473,-3.542969226837158
1693771597805519000,6.14451904296875,6.9669342041015625,-0.5660440921783447,-5.666787147521973
1693771597824429300,6.16342919921875,7.4943437576293945,-0.37129664421081543,-6.0342535972595215
1693771597843339500,6.182339599609375,6.786257266998291,-1.7789052724838257,-6.474357604980469
1693771597862249700,6.201249755859375,5.133820533752441,-2.9737277030944824,-7.722949981689453
1693771597881160000,6.220159912109375,3.6447525024414062,-2.146655559539795,-5.066045761108398
1693771597900070100,6.239070068359375,1.8908615112304688,-0.9554735422134399,-2.9296648502349854
1693771597918980400,6.25798046875,1.72021484375,-0.6942188739776611,-2.7079968452453613
1693771597937890600,6.276890625,2.4329209327697754,-0.3420141935348511,-1.9840421676635742
1693771597956800800,6.29580078125,2.6250200271606445,-0.3186115622520447,-1.3535189628601074
1693771597975711000,6.3147109375,2.718144416809082,-0.7344688177108765,-0.6054644584655762
1693771597994621200,6.33362109375,4.795395851135254,-0.9333027005195618,-0.8183388710021973
1693771598013531400,6.352531494140625,6.583926200866699,-1.4883837699890137,-1.2642951011657715
1693771598032441600,6.371441650390625,6.395101070404053,-2.1737241744995117,-0.5652933120727539
1693771598051351800,6.390351806640625,1.9727873802185059,-1.202202558517456,0.8211584091186523
1693771598070262000,6.409261962890625,-0.06970787048339844,-1.3497883081436157,1.6014347076416016
1693771598089172200,6.428172119140625,1.755971908569336,-1.812145709991455,2.294583797454834
1693771598108082400,6.44708251953125,1.96690034866333,-1.687985897064209,1.8739352226257324
1693771598126992600,6.46599267578125,-1.4414148330688477,-1.9227933883666992,0.316892147064209
1693771598145902800,6.48490283203125,-2.3840856552124023,-2.6548848152160645,0.7696638107299805
1693771598164813000,6.50381298828125,-1.064526081085205,-2.7004106044769287,1.693047046661377
1693771598183723300,6.52272314453125,-0.15379047393798828,-2.02852725982666,1.4421958923339844
1693771598202633500,6.541633544921875,0.1006159782409668,-2.494525909423828,0.21848773956298828
1693771598221543700,6.560543701171875,2.076810836791992,-3.3892664909362793,1.6130590438842773
1693771598240454000,6.579453857421875,0.3859891891479492,-3.04705810546875,2.503957748413086
1693771598259364000,6.598364013671875,-1.8477716445922852,-1.0901546478271484,2.4583511352539062
1693771598278274300,6.6172744140625,-0.7769980430603027,-0.7823159694671631,4.05491828918457
1693771598297184500,6.6361845703125,1.5754971504211426,-1.092693567276001,6.015755653381348
1693771598316094700,6.6550947265625,-1.1563169956207275,-1.4412071704864502,4.510417938232422
1693771598335005000,6.6740048828125,-2.9489359855651855,-0.8317463397979736,1.8991718292236328
1693771598353915100,6.6929150390625,-0.8795003890991211,-0.1524958610534668,3.2694358825683594
1693771598372825300,6.711825439453125,1.3262701034545898,-0.2196657657623291,5.014003753662109
1693771598391735600,6.730735595703125,-0.45931553840637207,-0.805558443069458,4.293222427368164
1693771598410645500,6.7496455078125,-3.4543209075927734,-0.9575910568237305,3.072420120239258
1693771598429555700,6.7685556640625,-3.741224765777588,-0.8797039985656738,1.1697330474853516
1693771598448466000,6.7874658203125,0.3772236108779907,-1.7676520347595215,0.962519645690918
1693771598467376000,6.806376220703125,2.104024887084961,-2.290881872177124,1.222564697265625
1693771598486286300,6.825286376953125,-0.928490400314331,-1.788501262664795,0.5023918151855469
1693771598505196500,6.844196533203125,-2.6445703506469727,-0.43593597412109375,1.944960594177246
1693771598524106800,6.863106689453125,-3.2413134574890137,1.0025634765625,4.781282424926758
1693771598543017000,6.882016845703125,-3.6670594215393066,1.167328119277954,5.9927778244018555
1693771598561927200,6.90092724609375,-3.3965044021606445,0.9368658065795898,4.9149980545043945
1693771598580837400,6.91983740234375,-1.6313040256500244,0.4263479709625244,2.545024871826172
1693771598599747600,6.93874755859375,0.7035965919494629,0.29042673110961914,1.608306884765625
1693771598618657500,6.957657470703125,1.016613483428955,0.05829191207885742,2.073948860168457
1693771598637567700,6.976567626953125,0.12489759922027588,-0.4403061866760254,0.7698726654052734
1693771598656478000,6.99547802734375,1.094428300857544,-0.5568685531616211,-0.12451171875
1693771598675388200,7.01438818359375,1.973131537437439,-0.36325836181640625,0.41788482666015625
1693771598694298400,7.03329833984375,0.29260504245758057,-0.04185199737548828,0.9898796081542969
1693771598713208600,7.05220849609375,-0.9518570899963379,0.056133270263671875,0.34255027770996094
1693771598732118800,7.071118896484375,1.2391438484191895,-0.5369353294372559,0.6680469512939453
1693771598751029000,7.090029052734375,-0.26887473464012146,-0.6555585861206055,1.6365528106689453
1693771598769939200,7.108939208984375,-2.080446720123291,-1.0407085418701172,1.070878028869629
1693771598788849400,7.127849365234375,-1.4233125448226929,-2.192385673522949,-1.5972843170166016
1693771598807759600,7.146759521484375,0.13648033142089844,-2.196789264678955,-1.1342277526855469
1693771598826669800,7.165669921875,-0.9972187876701355,-0.8830785751342773,0.9423980712890625
1693771598845579800,7.184579833984375,-2.2987921237945557,-0.17161893844604492,2.2332983016967773
1693771598864490000,7.203489990234375,-2.731480598449707,-0.3864779472351074,0.7285823822021484
1693771598883400200,7.222400146484375,-2.664078712463379,-0.22656536102294922,0.83685302734375
1693771598902310400,7.241310302734375,-2.219043254852295,0.3835411071777344,2.5038232803344727
1693771598921220600,7.260220703125,0.10339939594268799,0.12377500534057617,1.508840560913086
1693771598940130800,7.279130859375,1.6014584302902222,-0.7083463668823242,-0.09821701049804688
1693771598959041000,7.298041015625,0.07205510139465332,-0.3110218048095703,0.2563438415527344
1693771598977951000,7.316950927734375,-0.4854196310043335,-0.000499725341796875,0.6392240524291992
1693771598996861200,7.335861083984375,2.115804672241211,-0.33190250396728516,1.0547122955322266
1693771599015771400,7.354771484375,-0.167807936668396,-0.11630821228027344,-0.747222900390625
1693771599034681600,7.373681640625,-1.2491748332977295,0.11547279357910156,-1.4728021621704102
1693771599053591800,7.392591796875,-0.27790021896362305,0.6637461185455322,-0.08248043060302734
1693771599072502000,7.411501953125,-1.7519140243530273,-0.2629084587097168,-0.3993206024169922
1693771599091412200,7.430412109375,-1.1729124784469604,-0.11347675323486328,0.44861602783203125
1693771599110322400,7.449322509765625,-0.22928881645202637,-0.03149700164794922,0.7087497711181641
1693771599129232600,7.468232666015625,-0.34044456481933594,-0.6378440856933594,0.1572113037109375
1693771599148142800,7.487142822265625,-0.5567355155944824,-0.8929481506347656,0.29286956787109375
1693771599167052800,7.506052734375,-2.0934090614318848,-0.9011411666870117,-0.15009689331054688
1693771599185963000,7.524962890625,-2.420834541320801,-0.9964137077331543,-0.05360889434814453
1693771599204873200,7.543873291015625,-2.946295738220215,-0.22110939025878906,2.522470474243164
1693771599223783400,7.562783447265625,-2.934332847595215,0.15239620208740234,2.7009172439575195
1693771599242693600,7.581693603515625,-1.0617544651031494,-0.9257478713989258,0.3646383285522461
1693771599261603800,7.600603759765625,-0.6999897956848145,-1.847907543182373,-1.743311882019043
1693771599280513800,7.619513671875,-1.95569908618927,-1.377561092376709,-0.4580841064453125
1693771599299424000,7.638424072265625,-2.8155643939971924,-0.5251989364624023,2.1606264114379883
1693771599318334200,7.657334228515625,-4.235806465148926,-0.6629867553710938,2.5643224716186523
1693771599337244400,7.676244384765625,-4.960166931152344,-0.799990177154541,3.254876136779785
1693771599356154600,7.695154541015625,-3.7391481399536133,-1.2816705703735352,4.2867631912231445
1693771599375064800,7.71406494140625,-5.0278754234313965,-1.9317011833190918,4.327858924865723
1693771599393975000,7.73297509765625,-8.715500831604004,-2.259161949157715,4.337878227233887
1693771599412885000,7.751885009765625,-10.425374031066895,-2.3247013092041016,5.196571350097656
1693771599431795200,7.770795166015625,-9.237222671508789,-2.5431971549987793,6.562173843383789
1693771599450705400,7.789705322265625,-7.732834815979004,-3.0145821571350098,7.836112022399902
1693771599469615600,7.80861572265625,-6.469090938568115,-3.6956677436828613,6.68568229675293
1693771599488525800,7.82752587890625,-4.17287015914917,-4.3232741355896,4.852758407592773
1693771599507435800,7.846435791015625,-2.5538432598114014,-4.000497817993164,5.541548728942871
1693771599526346000,7.865345947265625,-3.033592939376831,-3.1520023345947266,7.671006202697754
1693771599545256200,7.884256103515625,-3.286447525024414,-2.6342720985412598,8.935189247131348
1693771599564166400,7.90316650390625,-1.506044626235962,-3.2553648948669434,9.027067184448242
1693771599583076600,7.92207666015625,0.25363612174987793,-3.2233076095581055,9.372008323669434
1693771599601986800,7.94098681640625,0.8592920303344727,-3.078848361968994,9.791740417480469
1693771599620897000,7.95989697265625,1.8587732315063477,-3.6457154750823975,9.30296516418457
1693771599639807000,7.978806884765625,3.1410062313079834,-4.302094459533691,8.893928527832031
1693771599658717200,7.99771728515625,4.073037624359131,-4.5368499755859375,8.461644172668457
1693771599677627400,8.01662744140625,5.254624843597412,-4.462904453277588,7.318560600280762
1693771599696537600,8.03553759765625,5.8997297286987305,-4.423266887664795,6.525429725646973
1693771599715447600,8.054447509765625,6.22690486907959,-4.319223880767822,5.822227478027344
1693771599734357800,8.073357666015625,6.244001388549805,-4.548254013061523,5.395336151123047
1693771599753268000,8.09226806640625,6.376371383666992,-5.273573398590088,4.062534332275391
1693771599772178200,8.11117822265625,8.449291229248047,-6.277169227600098,0.9019813537597656
1693771599791088400,8.13008837890625,9.543257713317871,-6.897655963897705,-0.6531491279602051
1693771599809998600,8.14899853515625,8.271087646484375,-6.741841793060303,-2.3339381217956543
1693771599828908800,8.16790869140625,7.3511061668396,-6.391316890716553,-3.207258701324463
1693771599847818800,8.18681884765625,6.811148643493652,-5.907565116882324,-1.570322036743164
1693771599866729000,8.20572900390625,4.824676513671875,-4.263143062591553,-0.6385254859924316
1693771599885639200,8.22463916015625,5.354092121124268,-3.122896194458008,-1.1885743141174316
1693771599904549400,8.24354931640625,7.998924255371094,-3.072087287902832,-0.4798750877380371
1693771599923459300,8.262459228515626,7.585672378540039,-2.6987693309783936,-0.6816349029541016
1693771599942369500,8.28136962890625,7.120902061462402,-2.047490119934082,-1.9109034538269043
1693771599961279700,8.30027978515625,8.197539329528809,-1.7369266748428345,-3.1003010272979736
1693771599980190000,8.31918994140625,9.283330917358398,-1.2503432035446167,-4.145188808441162
1693771599999100200,8.33810009765625,9.142499923706055,-0.6884472370147705,-3.3304800987243652
1693771600018010000,8.357010009765625,7.8917236328125,-0.41433143615722656,-3.5649943351745605
1693771600036920300,8.37592041015625,7.664083003997803,-0.8176584243774414,-6.659067153930664
1693771600055830500,8.39483056640625,9.653437614440918,-1.381232500076294,-7.503758430480957
1693771600074740700,8.41374072265625,10.213254928588867,-0.7278316020965576,-6.583749771118164
1693771600093650700,8.432650634765626,9.21436595916748,-0.39391303062438965,-6.510483741760254
1693771600112561000,8.451560791015625,9.675768852233887,-0.3377342224121094,-6.025683403015137
1693771600131471000,8.47047119140625,9.263433456420898,0.16101765632629395,-4.846158027648926
1693771600150381300,8.48938134765625,7.895754814147949,-0.11011624336242676,-4.848984241485596
1693771600169291300,8.508291259765626,7.369077682495117,-0.7526706457138062,-5.555262565612793
1693771600188201500,8.527201416015625,7.25015115737915,0.24045538902282715,-3.6789276599884033
1693771600207111700,8.546111572265625,5.096006870269775,0.5543324947357178,-0.6491150856018066
1693771600226022000,8.56502197265625,3.9692840576171875,-0.4164113998413086,-0.8313169479370117
1693771600244932000,8.58393212890625,4.147744178771973,-1.1194708347320557,-2.533900737762451
1693771600263842000,8.602842041015625,5.5100250244140625,-1.2171677350997925,-2.7847113609313965
1693771600282752300,8.621752197265625,5.2693705558776855,-1.328485369682312,-1.2030706405639648
1693771600301662500,8.640662353515625,4.0811896324157715,-2.1894192695617676,-2.0277090072631836
1693771600320572400,8.659572509765624,3.626863479614258,-2.913062572479248,-3.2278966903686523
1693771600339482600,8.678482666015626,6.051524639129639,-2.319103240966797,-1.6343021392822266
1693771600358392800,8.697392822265625,5.896678924560547,-1.616882085800171,2.856478214263916
1693771600377303000,8.716302978515625,3.138853073120117,-1.6304855346679688,4.1131486892700195
1693771600396213200,8.735213134765624,0.9032440185546875,-2.236621379852295,2.196780204772949
1693771600415123200,8.754123291015626,0.707521915435791,-2.1545956134796143,2.0510501861572266
1693771600434033400,8.773033447265625,-2.4224677085876465,-2.0082225799560547,2.298121929168701
1693771600452943600,8.791943603515625,-1.760824203491211,-3.1219735145568848,0.3920273780822754
1693771600471853600,8.810853515625,3.4699344635009766,-3.5154542922973633,2.0139102935791016
1693771600490763800,8.829763671875,0.03538846969604492,-2.1561994552612305,3.9413514137268066
1693771600509674000,8.848674072265625,-4.465224742889404,-2.060635805130005,2.5944371223449707
1693771600528584200,8.867584228515625,-0.49715137481689453,-2.4168195724487305,3.1712284088134766
1693771600547494100,8.886494140625,-1.600231647491455,-2.1318020820617676,5.82524299621582
1693771600566404400,8.905404296875,-6.649721145629883,-0.8761700391769409,5.608088493347168
1693771600585314600,8.924314453125,-6.159626483917236,-0.4879351854324341,2.9210472106933594
1693771600604224500,8.943224609375,-1.1524672508239746,-1.287254810333252,4.1498613357543945
1693771600623134700,8.962134765625,-0.9586672782897949,-0.9049909114837646,5.73553466796875
1693771600642045000,8.981044921875,-4.001233100891113,-0.6729614734649658,4.519526481628418
1693771600660955100,8.999955078125,-4.314120292663574,-0.6602292060852051,2.4295520782470703
1693771600679865300,9.018865234375,-1.9741859436035156,-1.0133633613586426,1.1866483688354492
1693771600698775300,9.037775390625,0.34524083137512207,-0.6571037769317627,3.2616262435913086
1693771600717685500,9.056685546875,-1.7527501583099365,-0.3720831871032715,4.176353454589844
1693771600736595700,9.075595703125,-2.0016891956329346,0.29371070861816406,2.8029918670654297
1693771600755505700,9.094505615234375,-2.0390572547912598,1.0607836246490479,2.8776025772094727
1693771600774416000,9.113415771484375,-1.1553828716278076,1.1578762531280518,5.023373603820801
1693771600793326000,9.132326171875,2.975409984588623,-0.060765743255615234,4.337977409362793
1693771600812236300,9.151236328125,6.44694709777832,-1.6073870658874512,-0.8476982116699219
1693771600831146200,9.170146240234375,3.7901110649108887,-2.037665605545044,-3.398331642150879
1693771600850056400,9.189056396484375,0.13899874687194824,-1.514134407043457,-1.9350042343139648
1693771600868966400,9.20796630859375,-0.9135613441467285,-0.13426828384399414,2.84519100189209
1693771600887876600,9.226876708984374,-1.8705490827560425,0.5355966091156006,3.370584487915039
1693771600906786800,9.245786865234376,-0.47112226486206055,0.3495039939880371,1.3236169815063477
1693771600925697000,9.264697021484375,0.8685791492462158,-0.09310150146484375,0.4549093246459961
1693771600944607000,9.28360693359375,0.05460488796234131,0.07889699935913086,1.9209938049316406
1693771600963517200,9.30251708984375,-2.1987102031707764,0.27471399307250977,2.606856346130371
1693771600982427400,9.321427490234376,-2.7484207153320312,0.21447229385375977,2.9238853454589844
1693771601001337300,9.34033740234375,-1.5581274032592773,-0.0751035213470459,2.5720720291137695
1693771601020247600,9.35924755859375,0.3072754144668579,-0.48407483100891113,2.3357620239257812
1693771601039157800,9.37815771484375,-0.40103018283843994,-0.5895068645477295,1.4136114120483398
1693771601058068000,9.39706787109375,-2.1181201934814453,-0.5819840431213379,0.34915924072265625
1693771601076978000,9.41597802734375,-3.005575656890869,-0.2542710304260254,0.33304882049560547
1693771601095888100,9.43488818359375,-2.279195547103882,-0.1124720573425293,1.1893339157104492
1693771601114798000,9.453798095703124,-1.5716311931610107,-0.22205495834350586,1.2807035446166992
1693771601133708300,9.472708251953126,-1.20115327835083,-0.2888674736022949,0.48932647705078125
1693771601152618500,9.491618408203125,-0.3456897735595703,-0.41118526458740234,0.750823974609375
1693771601171528700,9.51052880859375,-0.2643987238407135,-0.3028597831726074,0.8687076568603516
1693771601190438700,9.529438720703125,-2.255812644958496,-0.24814701080322266,-0.1297292709350586
1693771601209348900,9.548348876953124,-1.9422125816345215,-0.21447086334228516,-0.11806678771972656
1693771601228258800,9.5672587890625,-0.8556777834892273,-0.8523588180541992,0.1046600341796875
1693771601247169000,9.5861689453125,0.3401554822921753,-0.9694323539733887,-0.23963642120361328
1693771601266079200,9.605079345703125,1.424025535583496,-0.953761100769043,0.34535980224609375
1693771601284989200,9.6239892578125,1.2720526456832886,-1.1715502738952637,-0.30744266510009766
1693771601303899400,9.6428994140625,0.8394664525985718,-1.385345458984375,-0.6833572387695312
1693771601322809600,9.6618095703125,-1.5983102321624756,-1.1276617050170898,-0.1768636703491211
1693771601341719600,9.680719482421875,-4.089103698730469,-0.06633806228637695,0.4066934585571289
1693771601360629800,9.699629638671874,-4.015810966491699,0.804262638092041,2.344900131225586
1693771601379540000,9.7185400390625,-3.5921566486358643,1.3097765445709229,4.334281921386719
1693771601398450000,9.737449951171875,-4.355471611022949,1.0599255561828613,4.670135498046875
1693771601417360100,9.756360107421875,-3.9345920085906982,-0.02456951141357422,3.4652938842773438
1693771601436270300,9.775270263671874,-3.163919448852539,-1.0563912391662598,2.7806501388549805
1693771601455180300,9.79418017578125,-4.388610363006592,-1.610025405883789,1.79620361328125
1693771601474090500,9.813090576171875,-6.3248820304870605,-1.9079093933105469,1.6706619262695312
1693771601493000400,9.83200048828125,-8.538715362548828,-2.333251953125,1.6507444381713867
1693771601511910700,9.85091064453125,-9.352614402770996,-2.354215621948242,2.6730613708496094
1693771601530820900,9.86982080078125,-10.890645027160645,-2.245522975921631,4.436884880065918
1693771601549731000,9.88873095703125,-11.923568725585938,-1.9780211448669434,5.885861396789551
1693771601568641000,9.90764111328125,-10.407476425170898,-2.5920162200927734,6.484391212463379
1693771601587551200,9.92655126953125,-8.423515319824219,-3.316741466522217,6.858528137207031
1693771601606461200,9.945461181640624,-7.1737823486328125,-3.367934226989746,7.428463935852051
1693771601625371400,9.964371337890626,-6.269095420837402,-3.516447067260742,7.773444175720215
1693771601644281600,9.983281494140625,-3.6597015857696533,-4.307403564453125,7.951353073120117
1693771601663191600,10.002191650390625,-1.9133291244506836,-4.42299747467041,8.452560424804688
1693771601682101800,10.021101806640624,-2.588500499725342,-4.463353157043457,8.18142032623291
1693771601701011700,10.04001171875,-1.5278124809265137,-4.904314041137695,7.751591682434082
1693771601719922000,10.058921875,1.3490827083587646,-5.33491325378418,8.274706840515137
1693771601738832100,10.07783203125,2.263901710510254,-5.4084086418151855,7.962002754211426
1693771601757742300,10.096742431640624,2.154282331466675,-5.13295841217041,7.0734148025512695
1693771601776652300,10.11565234375,4.205775260925293,-5.345043182373047,6.844756126403809
1693771601795562500,10.1345625,6.058740139007568,-5.383401870727539,6.693538188934326
1693771601814472400,10.153472412109375,5.244332313537598,-5.234272003173828,6.562862396240234
1693771601833382700,10.172382568359374,5.751186847686768,-4.783965587615967,6.343625545501709
1693771601852292900,10.19129296875,7.7230424880981445,-4.4959025382995605,6.359387397766113
1693771601871202800,10.210202880859375,7.940334320068359,-4.064493179321289,5.930359363555908
1693771601890113000,10.229113037109375,6.220765113830566,-4.117283821105957,4.547442436218262
1693771601909023000,10.24802294921875,7.360764026641846,-4.369469165802002,2.9212899208068848
1693771601927933200,10.26693310546875,6.812596321105957,-4.810532093048096,1.8186392784118652
1693771601946843400,10.285843505859376,5.314286708831787,-4.346549987792969,0.027222633361816406
1693771601965753300,10.30475341796875,6.759027481079102,-3.698194742202759,0.7462348937988281
1693771601984663600,10.32366357421875,9.967267990112305,-3.0864641666412354,2.3879857063293457
1693771602003573500,10.342573486328124,10.772812843322754,-2.675032138824463,1.9930455684661865
1693771602022483700,10.361483642578126,10.694686889648438,-2.4863879680633545,1.0205585956573486
1693771602041393700,10.3803935546875,11.192611694335938,-2.792174816131592,-0.833759069442749
1693771602060304000,10.399303955078125,12.255311965942383,-2.718496322631836,-2.546639919281006
1693771602079214000,10.418214111328124,9.924886703491211,-1.9075300693511963,-3.0569753646850586
1693771602098124000,10.4371240234375,8.60133171081543,-1.4047296047210693,-2.440462589263916
1693771602117034200,10.4560341796875,7.942804336547852,-1.679814100265503,-2.7086503505706787
1693771602135944200,10.474944091796875,5.88769006729126,-1.777529001235962,-3.708065986633301
1693771602154854400,10.4938544921875,3.7828779220581055,-2.1292965412139893,-5.498075485229492
1693771602173764600,10.5127646484375,4.158226490020752,-1.8487968444824219,-5.432490348815918
1693771602192674600,10.531674560546875,5.552847385406494,-1.1924545764923096,-3.619563102722168
1693771602211584800,10.550584716796875,6.667424201965332,-1.0120201110839844,-3.1628329753875732
1693771602230494700,10.56949462890625,7.745981693267822,-0.6640067100524902,-1.8151746988296509
1693771602249405000,10.588405029296876,6.617524147033691,-0.6788914203643799,-2.1457626819610596
1693771602268315100,10.607315185546875,4.806960105895996,-1.3053882122039795,-4.476715564727783
1693771602287225000,10.62622509765625,5.491912364959717,-1.8336288928985596,-5.278172492980957
1693771602306135000,10.645135009765625,8.365072250366211,-2.137627363204956,-4.717667579650879
1693771602325045200,10.664045166015624,8.605331420898438,-2.4699716567993164,-4.115013122558594
1693771602343955500,10.68295556640625,6.787440299987793,-2.675670862197876,-4.597903251647949
1693771602362865400,10.701865478515625,6.018537521362305,-2.554053783416748,-3.96441650390625
1693771602381775600,10.720775634765625,6.890857696533203,-2.1950745582580566,-2.793452024459839
1693771602400685600,10.739685546875,4.926385879516602,-1.622704029083252,-0.6035099029541016
1693771602419595800,10.758595703125,2.0732288360595703,-1.701718807220459,-0.04769277572631836
1693771602438506000,10.777506103515625,2.9197192192077637,-2.4473330974578857,-1.0523667335510254
1693771602457416000,10.796416015625,3.8672351837158203,-2.652819871902466,-1.260066032409668
1693771602476326100,10.815326171875,0.9011869430541992,-2.1491546630859375,-0.07209968566894531
1693771602495236000,10.834236083984376,-1.3809618949890137,-1.3004050254821777,1.9513816833496094
1693771602514146300,10.853146240234375,-2.95881986618042,-0.5030863285064697,3.2954912185668945
1693771602533056300,10.87205615234375,-1.2224230766296387,-0.7380322217941284,0.859868049621582
1693771602551966500,10.890966552734374,3.0051729679107666,-0.7233636379241943,2.976569175720215
1693771602570876400,10.90987646484375,0.29532384872436523,-0.09016025066375732,3.4282379150390625
1693771602589786600,10.92878662109375,-3.3378453254699707,0.06674695014953613,4.605200290679932
1693771602608696600,10.947696533203125,-2.8555564880371094,-0.2684696912765503,4.981776714324951
1693771602627606800,10.966606689453124,-0.7882461547851562,-1.3658907413482666,3.175698757171631
1693771602646517000,10.98551708984375,-0.21761035919189453,-1.9530532360076904,1.2243404388427734
1693771602665427000,11.004427001953125,1.3284955024719238,-1.862445592880249,1.041830062866211
1693771602684337000,11.0233369140625,0.8512773513793945,-0.8256073594093323,2.9309349060058594
1693771602703247000,11.0422470703125,-0.7361717224121094,-0.010893166065216064,3.08152437210083
1693771602722157300,11.0611572265625,-0.6492776870727539,-0.5521093606948853,2.2164077758789062
1693771602741067300,11.0800673828125,1.2246148586273193,-0.902787446975708,2.250363349914551
1693771602759977500,11.0989775390625,2.418780565261841,-0.5572263598442078,3.0647077560424805
1693771602778887400,11.117887451171875,0.6327724456787109,-0.502991259098053,2.7501792907714844
1693771602797797600,11.136797607421874,-1.9624853134155273,-0.8084226846694946,1.0549631118774414
1693771602816717300,11.15571728515625,-1.4252033233642578,-1.1662571430206299,1.203629493713379
1693771602835617800,11.17461767578125,0.08417844772338867,-1.4025280475616455,1.9581975936889648
1693771602854527700,11.19352783203125,-1.8974437713623047,-1.048712968826294,1.9258670806884766
1693771602873438000,11.21243798828125,-2.9632883071899414,-0.6384938955307007,1.1196327209472656
1693771602892348000,11.231347900390626,-0.7542128562927246,-0.5723141431808472,2.444037437438965
1693771602911258000,11.250258056640625,2.0865068435668945,-0.41908037662506104,2.4766483306884766
1693771602930168000,11.26916796875,1.4431097507476807,-0.5701783895492554,2.2221899032592773
1693771602949078300,11.288078369140624,0.9193646907806396,-0.7511659860610962,1.829916000366211
1693771602967988500,11.306988525390626,-0.2840508222579956,-0.40270769596099854,3.0269975662231445
1693771602986898400,11.3258984375,-1.8505364656448364,0.1185300350189209,3.607388496398926
1693771603005808400,11.344808349609375,-0.9949065446853638,0.43181633949279785,4.003426551818848
1693771603024718600,11.363718505859374,-1.6723239421844482,0.576407790184021,4.128413200378418
1693771603043628800,11.38262890625,-3.5734384059906006,0.3019123077392578,2.978093147277832
1693771603062538800,11.401538818359375,-5.257223129272461,-0.18742918968200684,0.9519882202148438
1693771603081448700,11.42044873046875,-2.870574951171875,-0.12407374382019043,2.158370018005371
1693771603100359000,11.43935888671875,0.9500550627708435,0.027632951736450195,2.2232561111450195
1693771603119269000,11.45826904296875,2.449448585510254,-0.3551054000854492,1.4280691146850586
1693771603138179000,11.477178955078125,0.86250901222229,0.025465965270996094,1.5875120162963867
1693771603157089300,11.49608935546875,-2.1846466064453125,0.8080711364746094,2.152711868286133
1693771603175999200,11.514999267578125,-3.3906235694885254,1.3873569965362549,3.1638975143432617
1693771603194909200,11.5339091796875,-3.2635302543640137,1.507830262184143,4.438497543334961
1693771603213819400,11.5528193359375,-3.3669252395629883,1.359692096710205,4.278569221496582
1693771603232729600,11.5717294921875,-4.529245376586914,1.1012693643569946,3.0894250869750977
1693771603251639600,11.5906396484375,-3.870281219482422,0.7877323627471924,1.8992986679077148
1693771603270549500,11.609549560546874,-1.564072847366333,0.42966461181640625,1.6785736083984375
1693771603289459700,11.628459716796876,0.21773862838745117,0.3439979553222656,2.0301027297973633
1693771603308370000,11.647369873046875,0.8198299407958984,0.055422306060791016,2.063322067260742
1693771603327279900,11.66627978515625,-0.23608994483947754,-0.05316352844238281,1.597426414489746
1693771603346189800,11.68518994140625,-1.6141387224197388,0.1482703685760498,1.3936872482299805
1693771603365100000,11.70410009765625,-2.1873152256011963,0.4470982551574707,2.0138168334960938
1693771603384010000,11.723010009765625,-2.171311855316162,0.5895733833312988,4.352081298828125
1693771603402920200,11.741920166015625,-1.50165855884552,1.310380220413208,6.249932289123535
1693771603421830100,11.760830078125,-2.8767857551574707,1.3237566947937012,6.326800346374512
1693771603440740400,11.779740234375,-5.821894645690918,0.9667710065841675,4.826540946960449
1693771603459650300,11.798650390625,-9.048954010009766,0.28822362422943115,4.771734237670898
1693771603478560500,11.817560546875,-6.481208801269531,2.139087677001953,0.2478351593017578
1693771603497470500,11.836470458984374,-4.074450492858887,1.209702730178833,3.2383031845092773
1693771603516380700,11.855380615234376,0.06194591522216797,1.1370480060577393,6.512901306152344
1693771603535290600,11.87429052734375,3.5090880393981934,1.5292075872421265,8.245902061462402
1693771603554200800,11.893200927734375,5.096547603607178,1.5094975233078003,8.187557220458984
1693771603573110800,11.91211083984375,5.745680809020996,1.0760393142700195,6.708540916442871
1693771603592021000,11.93102099609375,6.214122772216797,0.42749568819999695,5.552014350891113
1693771603610931000,11.949930908203125,3.499335765838623,0.05902425944805145,4.831626892089844
1693771603629841000,11.9688408203125,3.1875104904174805,-0.8189172744750977,4.397642135620117
1693771603648751000,11.987751220703124,4.3378682136535645,-1.0387099981307983,4.194830894470215
1693771603667661000,12.0066611328125,5.657163619995117,-1.807262659072876,4.710309028625488
1693771603686571300,12.0255712890625,5.891031265258789,-3.132506847381592,4.650210380554199
1693771603705481200,12.044481201171875,5.206532955169678,-4.683406352996826,3.820859432220459
1693771603724391400,12.063391357421875,5.212865829467773,-6.792361259460449,2.2617883682250977
1693771603743301400,12.08230126953125,5.1868977546691895,-8.044885635375977,0.7495918273925781
1693771603762211600,12.101211669921875,3.5223374366760254,-8.404664993286133,-0.36192989349365234
1693771603781121500,12.12012158203125,1.588632583618164,-9.254091262817383,-1.9514808654785156
